index,name,type,rating,2-sat,binary search,bitmasks,brute force,chinese remainder theorem,combinatorics,constructive algorithms,data structures,dfs and similar,divide and conquer,dp,dsu,expression parsing,fft,flows,games,geometry,graph matchings,graphs,greedy,hashing,implementation,interactive,math,matrices,meet-in-the-middle,number theory,probabilities,schedules,shortest paths,sortings,string suffix structures,strings,ternary search,trees,two pointers
A,Anti Light's Cell Guessing,PROGRAMMING,900,0,0,0,0,0,0,0,0,0,0,0,0,0,0,0,0,0,0,0,0,0,0,0,1,0,0,0,0,0,0,0,0,0,0,0,0
B,Kalindrome Array,PROGRAMMING,1100,0,0,0,0,0,0,0,0,0,0,0,0,0,0,0,0,0,0,0,1,0,0,0,0,0,0,0,0,0,0,0,0,0,0,0,1
C,Keshi Is Throwing a Party,PROGRAMMING,1600,0,1,0,0,0,0,0,0,0,0,0,0,0,0,0,0,0,0,0,1,0,0,0,0,0,0,0,0,0,0,0,0,0,0,0,0
D,Not Quite Lee,PROGRAMMING,2000,0,0,0,0,0,1,0,0,0,0,1,0,0,0,0,0,0,0,0,0,0,0,0,1,0,0,1,0,0,0,0,0,0,0,0,0
E,AmShZ and G.O.A.T.,PROGRAMMING,2300,0,1,0,1,0,0,0,0,0,0,0,0,0,0,0,0,0,0,0,1,0,1,0,1,0,0,0,0,0,0,0,0,0,0,0,0
F,Mashtali: a Space Oddysey,PROGRAMMING,3000,0,0,0,0,0,0,1,0,1,0,0,0,0,0,0,0,0,0,1,0,0,0,0,0,0,0,0,0,0,0,0,0,0,0,0,0
G,AmShZ Wins a Bet,PROGRAMMING,3300,0,0,0,0,0,0,0,1,0,0,0,0,0,0,0,0,0,0,0,1,1,0,0,0,0,0,0,0,0,0,0,0,0,0,0,0
H,Squid Game,PROGRAMMING,3100,0,0,0,0,0,0,0,1,1,0,0,0,0,0,0,0,0,0,0,1,0,0,0,0,0,0,0,0,0,0,0,0,0,0,1,0
I,Mashtali vs AtCoder,PROGRAMMING,3100,0,0,0,0,0,0,0,0,0,0,0,0,0,0,0,1,0,0,0,0,0,0,0,0,0,0,0,0,0,0,0,0,0,0,1,0
